balance,drawdown_money,drawdown_percent,equity,event_number,peak_equity,replay_event_id,timestamp
1000.0,0.0,0.0,1000.0,0,1000.0,S1B-EURUSD-20260804T111503-db72026c9b|EVENT|000000,1784179080.0
1000.0,0.0,0.0,1000.0,1,1000.0,S1B-EURUSD-20260804T111503-db72026c9b|EVENT|000001,1784179140.0
1000.0,0.0,0.0,1000.0,2,1000.0,S1B-EURUSD-20260804T111503-db72026c9b|EVENT|000002,1784179200.0
1000.0,0.0,0.0,1000.0,3,1000.0,S1B-EURUSD-20260804T111503-db72026c9b|EVENT|000003,1784179260.0
1000.0,0.0,0.0,1000.0,4,1000.0,S1B-EURUSD-20260804T111503-db72026c9b|EVENT|000004,1784179320.0
1000.0,0.0,0.0,1000.0,5,1000.0,S1B-EURUSD-20260804T111503-db72026c9b|EVENT|000005,1784179380.0
1000.0,0.0,0.0,1000.0,6,1000.0,S1B-EURUSD-20260804T111503-db72026c9b|EVENT|000006,1784179440.0
1000.0,0.0,0.0,1000.0,7,1000.0,S1B-EURUSD-20260804T111503-db72026c9b|EVENT|000007,1784179500.0
1000.0,0.0,0.0,1000.0,8,1000.0,S1B-EURUSD-20260804T111503-db72026c9b|EVENT|000008,1784179560.0
1000.0,0.0,0.0,1000.0,9,1000.0,S1B-EURUSD-20260804T111503-db72026c9b|EVENT|000009,1784179620.0
1000.0,0.0,0.0,1000.0,10,1000.0,S1B-EURUSD-20260804T111503-db72026c9b|EVENT|000010,1784179680.0
1000.0,0.0,0.0,1000.0,11,1000.0,S1B-EURUSD-20260804T111503-db72026c9b|EVENT|000011,1784179740.0
1000.0,0.0,0.0,1000.0,12,1000.0,S1B-EURUSD-20260804T111503-db72026c9b|EVENT|000012,1784179800.0
1000.0,0.0,0.0,1000.0,13,1000.0,S1B-EURUSD-20260804T111503-db72026c9b|EVENT|000013,1784179860.0
1000.0,0.0,0.0,1000.0,14,1000.0,S1B-EURUSD-20260804T111503-db72026c9b|EVENT|000014,1784179920.0
1000.0,0.0,0.0,1000.0,15,1000.0,S1B-EURUSD-20260804T111503-db72026c9b|EVENT|000015,1784179980.0
1000.0,0.0,0.0,1000.0,16,1000.0,S1B-EURUSD-20260804T111503-db72026c9b|EVENT|000016,1784180040.0
1000.0,0.0,0.0,1000.0,17,1000.0,S1B-EURUSD-20260804T111503-db72026c9b|EVENT|000017,1784180100.0
1000.0,0.0,0.0,1000.0,18,1000.0,S1B-EURUSD-20260804T111503-db72026c9b|EVENT|000018,1784180160.0
1000.0,0.0,0.0,1000.0,19,1000.0,S1B-EURUSD-20260804T111503-db72026c9b|EVENT|000019,1784180220.0
1000.0,0.0,0.0,1000.0,20,1000.0,S1B-EURUSD-20260804T111503-db72026c9b|EVENT|000020,1784180280.0
1000.0,0.0,0.0,1000.0,21,1000.0,S1B-EURUSD-20260804T111503-db72026c9b|EVENT|000021,1784180340.0
1000.0,0.0,0.0,1000.0,22,1000.0,S1B-EURUSD-20260804T111503-db72026c9b|EVENT|000022,1784180400.0
1000.0,0.0,0.0,1000.0,23,1000.0,S1B-EURUSD-20260804T111503-db72026c9b|EVENT|000023,1784180460.0
1000.0,0.0,0.0,1000.0,24,1000.0,S1B-EURUSD-20260804T111503-db72026c9b|EVENT|000024,1784180520.0
1000.0,0.0,0.0,1000.0,25,1000.0,S1B-EURUSD-20260804T111503-db72026c9b|EVENT|000025,1784180580.0
1000.0,0.0,0.0,1000.0,26,1000.0,S1B-EURUSD-20260804T111503-db72026c9b|EVENT|000026,1784180640.0
1000.0,0.0,0.0,1000.0,27,1000.0,S1B-EURUSD-20260804T111503-db72026c9b|EVENT|000027,1784180700.0
1000.0,0.0,0.0,1000.0,28,1000.0,S1B-EURUSD-20260804T111503-db72026c9b|EVENT|000028,1784180760.0
1000.0,0.0,0.0,1000.0,29,1000.0,S1B-EURUSD-20260804T111503-db72026c9b|EVENT|000029,1784180820.0
1000.0,0.0,0.0,1000.0,30,1000.0,S1B-EURUSD-20260804T111503-db72026c9b|EVENT|000030,1784180880.0
1000.0,0.0,0.0,1000.0,31,1000.0,S1B-EURUSD-20260804T111503-db72026c9b|EVENT|000031,1784180940.0
1000.0,0.0,0.0,1000.0,32,1000.0,S1B-EURUSD-20260804T111503-db72026c9b|EVENT|000032,1784181000.0
1000.0,0.0,0.0,1000.0,33,1000.0,S1B-EURUSD-20260804T111503-db72026c9b|EVENT|000033,1784181060.0
1000.0,0.0,0.0,1000.0,34,1000.0,S1B-EURUSD-20260804T111503-db72026c9b|EVENT|000034,1784181120.0
1000.0,0.0,0.0,1000.0,35,1000.0,S1B-EURUSD-20260804T111503-db72026c9b|EVENT|000035,1784181180.0
1000.0,0.0,0.0,1000.0,36,1000.0,S1B-EURUSD-20260804T111503-db72026c9b|EVENT|000036,1784181240.0
1000.0,0.0,0.0,1000.0,37,1000.0,S1B-EURUSD-20260804T111503-db72026c9b|EVENT|000037,1784181300.0
1000.0,0.0,0.0,1000.0,38,1000.0,S1B-EURUSD-20260804T111503-db72026c9b|EVENT|000038,1784181360.0
1000.0,0.0,0.0,1000.0,39,1000.0,S1B-EURUSD-20260804T111503-db72026c9b|EVENT|000039,1784181420.0
1000.0,0.0,0.0,1000.0,40,1000.0,S1B-EURUSD-20260804T111503-db72026c9b|EVENT|000040,1784181480.0
1000.0,0.0,0.0,1000.0,41,1000.0,S1B-EURUSD-20260804T111503-db72026c9b|EVENT|000041,1784181540.0
1000.0,0.0,0.0,1000.0,42,1000.0,S1B-EURUSD-20260804T111503-db72026c9b|EVENT|000042,1784181600.0
1000.0,0.0,0.0,1000.0,43,1000.0,S1B-EURUSD-20260804T111503-db72026c9b|EVENT|000043,1784181660.0
1000.0,0.0,0.0,1000.0,44,1000.0,S1B-EURUSD-20260804T111503-db72026c9b|EVENT|000044,1784181720.0
1000.0,0.0,0.0,1000.0,45,1000.0,S1B-EURUSD-20260804T111503-db72026c9b|EVENT|000045,1784181780.0
1000.0,0.0,0.0,1000.0,46,1000.0,S1B-EURUSD-20260804T111503-db72026c9b|EVENT|000046,1784181840.0
1000.0,0.0,0.0,1000.0,47,1000.0,S1B-EURUSD-20260804T111503-db72026c9b|EVENT|000047,1784181900.0
1000.0,0.0,0.0,1000.0,48,1000.0,S1B-EURUSD-20260804T111503-db72026c9b|EVENT|000048,1784181960.0
1000.0,0.0,0.0,1000.0,49,1000.0,S1B-EURUSD-20260804T111503-db72026c9b|EVENT|000049,1784182020.0
1000.0,0.0,0.0,1000.0,50,1000.0,S1B-EURUSD-20260804T111503-db72026c9b|EVENT|000050,1784182080.0
1000.0,0.0,0.0,1000.0,51,1000.0,S1B-EURUSD-20260804T111503-db72026c9b|EVENT|000051,1784182140.0
997.438,13.200336072,1.3200336072,986.799663928,52,1000.0,S1B-EURUSD-20260804T111503-db72026c9b|EVENT|000052,1784182200.0
997.438,14.664336072,1.4664336072,985.335663928,53,1000.0,S1B-EURUSD-20260804T111503-db72026c9b|EVENT|000053,1784182260.0
997.438,15.396336072,1.5396336072,984.603663928,54,1000.0,S1B-EURUSD-20260804T111503-db72026c9b|EVENT|000054,1784182320.0
997.438,18.324336072,1.8324336072,981.675663928,55,1000.0,S1B-EURUSD-20260804T111503-db72026c9b|EVENT|000055,1784182380.0
997.438,20.520336072,2.0520336072,979.479663928,56,1000.0,S1B-EURUSD-20260804T111503-db72026c9b|EVENT|000056,1784182440.0
997.438,16.128336072,1.6128336072,983.871663928,57,1000.0,S1B-EURUSD-20260804T111503-db72026c9b|EVENT|000057,1784182500.0
997.438,12.468336072,1.2468336072,987.531663928,58,1000.0,S1B-EURUSD-20260804T111503-db72026c9b|EVENT|000058,1784182560.0
997.438,13.200336072,1.3200336072,986.799663928,59,1000.0,S1B-EURUSD-20260804T111503-db72026c9b|EVENT|000059,1784182620.0
997.438,10.272336072,1.0272336072,989.727663928,60,1000.0,S1B-EURUSD-20260804T111503-db72026c9b|EVENT|000060,1784182680.0
997.438,8.076336072,0.8076336072,991.923663928,61,1000.0,S1B-EURUSD-20260804T111503-db72026c9b|EVENT|000061,1784182740.0
997.438,10.272336072,1.0272336072,989.727663928,62,1000.0,S1B-EURUSD-20260804T111503-db72026c9b|EVENT|000062,1784182800.0
997.438,10.272336072,1.0272336072,989.727663928,63,1000.0,S1B-EURUSD-20260804T111503-db72026c9b|EVENT|000063,1784182860.0
997.438,8.808336072,0.8808336072,991.191663928,64,1000.0,S1B-EURUSD-20260804T111503-db72026c9b|EVENT|000064,1784182920.0
997.438,5.148336072,0.5148336072,994.851663928,65,1000.0,S1B-EURUSD-20260804T111503-db72026c9b|EVENT|000065,1784182980.0
997.438,3.684336072,0.3684336072,996.315663928,66,1000.0,S1B-EURUSD-20260804T111503-db72026c9b|EVENT|000066,1784183040.0
997.438,4.416336072,0.4416336072,995.583663928,67,1000.0,S1B-EURUSD-20260804T111503-db72026c9b|EVENT|000067,1784183100.0
997.438,0.0,0.0,1001.439663928,68,1001.439663928,S1B-EURUSD-20260804T111503-db72026c9b|EVENT|000068,1784183160.0
997.438,0.0,0.0,1001.439663928,69,1001.439663928,S1B-EURUSD-20260804T111503-db72026c9b|EVENT|000069,1784183220.0
997.438,1.464,0.1461895362,999.975663928,70,1001.439663928,S1B-EURUSD-20260804T111503-db72026c9b|EVENT|000070,1784183280.0
997.438,2.196,0.2192843043,999.243663928,71,1001.439663928,S1B-EURUSD-20260804T111503-db72026c9b|EVENT|000071,1784183340.0
997.438,0.732,0.0730947681,1000.707663928,72,1001.439663928,S1B-EURUSD-20260804T111503-db72026c9b|EVENT|000072,1784183400.0
997.438,0.0,0.0,1003.635663928,73,1003.635663928,S1B-EURUSD-20260804T111503-db72026c9b|EVENT|000073,1784183460.0
997.438,0.0,0.0,1004.367663928,74,1004.367663928,S1B-EURUSD-20260804T111503-db72026c9b|EVENT|000074,1784183520.0
997.438,5.856,0.5830534186,998.511663928,75,1004.367663928,S1B-EURUSD-20260804T111503-db72026c9b|EVENT|000075,1784183580.0
997.438,1.464,0.1457633547,1002.903663928,76,1004.367663928,S1B-EURUSD-20260804T111503-db72026c9b|EVENT|000076,1784183640.0
997.438,0.0,0.0,1004.367663928,77,1004.367663928,S1B-EURUSD-20260804T111503-db72026c9b|EVENT|000077,1784183700.0
997.438,0.0,0.0,1004.367663928,78,1004.367663928,S1B-EURUSD-20260804T111503-db72026c9b|EVENT|000078,1784183760.0
997.438,0.0,0.0,1005.831663928,79,1005.831663928,S1B-EURUSD-20260804T111503-db72026c9b|EVENT|000079,1784183820.0
997.438,0.0,0.0,1005.831663928,80,1005.831663928,S1B-EURUSD-20260804T111503-db72026c9b|EVENT|000080,1784183880.0
997.438,0.0,0.0,1005.831663928,81,1005.831663928,S1B-EURUSD-20260804T111503-db72026c9b|EVENT|000081,1784183940.0
997.438,4.392,0.4366535831,1001.439663928,82,1005.831663928,S1B-EURUSD-20260804T111503-db72026c9b|EVENT|000082,1784184000.0
997.438,9.516,0.9460827633,996.315663928,83,1005.831663928,S1B-EURUSD-20260804T111503-db72026c9b|EVENT|000083,1784184060.0
997.438,10.248,1.0188583605,995.583663928,84,1005.831663928,S1B-EURUSD-20260804T111503-db72026c9b|EVENT|000084,1784184120.0
997.438,10.98,1.0916339576,994.851663928,85,1005.831663928,S1B-EURUSD-20260804T111503-db72026c9b|EVENT|000085,1784184180.0
997.438,10.248,1.0188583605,995.583663928,86,1005.831663928,S1B-EURUSD-20260804T111503-db72026c9b|EVENT|000086,1784184240.0
997.438,11.712,1.1644095548,994.119663928,87,1005.831663928,S1B-EURUSD-20260804T111503-db72026c9b|EVENT|000087,1784184300.0
997.438,16.104,1.6010631379,989.727663928,88,1005.831663928,S1B-EURUSD-20260804T111503-db72026c9b|EVENT|000088,1784184360.0
997.438,10.98,1.0916339576,994.851663928,89,1005.831663928,S1B-EURUSD-20260804T111503-db72026c9b|EVENT|000089,1784184420.0
997.438,12.444,1.237185152,993.387663928,90,1005.831663928,S1B-EURUSD-20260804T111503-db72026c9b|EVENT|000090,1784184480.0
997.438,10.98,1.0916339576,994.851663928,91,1005.831663928,S1B-EURUSD-20260804T111503-db72026c9b|EVENT|000091,1784184540.0
997.438,13.176,1.3099607492,992.655663928,92,1005.831663928,S1B-EURUSD-20260804T111503-db72026c9b|EVENT|000092,1784184600.0
997.438,14.64,1.4555119435,991.191663928,93,1005.831663928,S1B-EURUSD-20260804T111503-db72026c9b|EVENT|000093,1784184660.0
997.438,22.692,2.2560435124,983.139663928,94,1005.831663928,S1B-EURUSD-20260804T111503-db72026c9b|EVENT|000094,1784184720.0
997.438,20.496,2.0377167209,985.335663928,95,1005.831663928,S1B-EURUSD-20260804T111503-db72026c9b|EVENT|000095,1784184780.0
997.438,22.692,2.2560435124,983.139663928,96,1005.831663928,S1B-EURUSD-20260804T111503-db72026c9b|EVENT|000096,1784184840.0
997.438,23.424,2.3288191096,982.407663928,97,1005.831663928,S1B-EURUSD-20260804T111503-db72026c9b|EVENT|000097,1784184900.0
997.438,24.156,2.4015947068,981.675663928,98,1005.831663928,S1B-EURUSD-20260804T111503-db72026c9b|EVENT|000098,1784184960.0
997.438,22.692,2.2560435124,983.139663928,99,1005.831663928,S1B-EURUSD-20260804T111503-db72026c9b|EVENT|000099,1784185020.0
997.438,20.496,2.0377167209,985.335663928,100,1005.831663928,S1B-EURUSD-20260804T111503-db72026c9b|EVENT|000100,1784185080.0
997.438,24.156,2.4015947068,981.675663928,101,1005.831663928,S1B-EURUSD-20260804T111503-db72026c9b|EVENT|000101,1784185140.0
997.438,16.836,1.673838735,988.995663928,102,1005.831663928,S1B-EURUSD-20260804T111503-db72026c9b|EVENT|000102,1784185200.0
997.438,19.764,1.9649411237,986.067663928,103,1005.831663928,S1B-EURUSD-20260804T111503-db72026c9b|EVENT|000103,1784185260.0
997.438,21.96,2.1832679153,983.871663928,104,1005.831663928,S1B-EURUSD-20260804T111503-db72026c9b|EVENT|000104,1784185320.0
997.438,20.496,2.0377167209,985.335663928,105,1005.831663928,S1B-EURUSD-20260804T111503-db72026c9b|EVENT|000105,1784185380.0
997.438,24.156,2.4015947068,981.675663928,106,1005.831663928,S1B-EURUSD-20260804T111503-db72026c9b|EVENT|000106,1784185440.0
997.438,26.352,2.6199214983,979.479663928,107,1005.831663928,S1B-EURUSD-20260804T111503-db72026c9b|EVENT|000107,1784185500.0
997.438,27.084,2.6926970955,978.747663928,108,1005.831663928,S1B-EURUSD-20260804T111503-db72026c9b|EVENT|000108,1784185560.0
997.438,30.012,2.9837994842,975.819663928,109,1005.831663928,S1B-EURUSD-20260804T111503-db72026c9b|EVENT|000109,1784185620.0
997.438,27.084,2.6926970955,978.747663928,110,1005.831663928,S1B-EURUSD-20260804T111503-db72026c9b|EVENT|000110,1784185680.0
997.438,30.012,2.9837994842,975.819663928,111,1005.831663928,S1B-EURUSD-20260804T111503-db72026c9b|EVENT|000111,1784185740.0
997.438,36.6,3.6387798588,969.231663928,112,1005.831663928,S1B-EURUSD-20260804T111503-db72026c9b|EVENT|000112,1784185800.0
997.438,32.94,3.2749018729,972.891663928,113,1005.831663928,S1B-EURUSD-20260804T111503-db72026c9b|EVENT|000113,1784185860.0
997.438,30.744,3.0565750814,975.087663928,114,1005.831663928,S1B-EURUSD-20260804T111503-db72026c9b|EVENT|000114,1784185920.0
997.438,31.476,3.1293506785,974.355663928,115,1005.831663928,S1B-EURUSD-20260804T111503-db72026c9b|EVENT|000115,1784185980.0
997.438,26.352,2.6199214983,979.479663928,116,1005.831663928,S1B-EURUSD-20260804T111503-db72026c9b|EVENT|000116,1784186040.0
997.438,27.816,2.7654726927,978.015663928,117,1005.831663928,S1B-EURUSD-20260804T111503-db72026c9b|EVENT|000117,1784186100.0
997.438,29.28,2.911023887,976.551663928,118,1005.831663928,S1B-EURUSD-20260804T111503-db72026c9b|EVENT|000118,1784186160.0
997.438,35.136,3.4932286644,970.695663928,119,1005.831663928,S1B-EURUSD-20260804T111503-db72026c9b|EVENT|000119,1784186220.0
997.438,35.136,3.4932286644,970.695663928,120,1005.831663928,S1B-EURUSD-20260804T111503-db72026c9b|EVENT|000120,1784186280.0
997.438,36.6,3.6387798588,969.231663928,121,1005.831663928,S1B-EURUSD-20260804T111503-db72026c9b|EVENT|000121,1784186340.0
997.438,37.332,3.7115554559,968.499663928,122,1005.831663928,S1B-EURUSD-20260804T111503-db72026c9b|EVENT|000122,1784186400.0
997.438,36.6,3.6387798588,969.231663928,123,1005.831663928,S1B-EURUSD-20260804T111503-db72026c9b|EVENT|000123,1784186460.0
997.438,33.672,3.3476774701,972.159663928,124,1005.831663928,S1B-EURUSD-20260804T111503-db72026c9b|EVENT|000124,1784186520.0
997.438,34.404,3.4204530672,971.427663928,125,1005.831663928,S1B-EURUSD-20260804T111503-db72026c9b|EVENT|000125,1784186580.0
997.438,33.672,3.3476774701,972.159663928,126,1005.831663928,S1B-EURUSD-20260804T111503-db72026c9b|EVENT|000126,1784186640.0
997.438,31.476,3.1293506785,974.355663928,127,1005.831663928,S1B-EURUSD-20260804T111503-db72026c9b|EVENT|000127,1784186700.0
997.438,36.6,3.6387798588,969.231663928,128,1005.831663928,S1B-EURUSD-20260804T111503-db72026c9b|EVENT|000128,1784186760.0
997.438,37.332,3.7115554559,968.499663928,129,1005.831663928,S1B-EURUSD-20260804T111503-db72026c9b|EVENT|000129,1784186820.0
997.438,40.26,4.0026578446,965.571663928,130,1005.831663928,S1B-EURUSD-20260804T111503-db72026c9b|EVENT|000130,1784186880.0
997.438,40.992,4.0754334418,964.839663928,131,1005.831663928,S1B-EURUSD-20260804T111503-db72026c9b|EVENT|000131,1784186940.0
997.438,41.724,4.148209039,964.107663928,132,1005.831663928,S1B-EURUSD-20260804T111503-db72026c9b|EVENT|000132,1784187000.0
997.438,40.26,4.0026578446,965.571663928,133,1005.831663928,S1B-EURUSD-20260804T111503-db72026c9b|EVENT|000133,1784187060.0
997.438,33.672,3.3476774701,972.159663928,134,1005.831663928,S1B-EURUSD-20260804T111503-db72026c9b|EVENT|000134,1784187120.0
997.438,34.404,3.4204530672,971.427663928,135,1005.831663928,S1B-EURUSD-20260804T111503-db72026c9b|EVENT|000135,1784187180.0
997.438,38.064,3.7843310531,967.767663928,136,1005.831663928,S1B-EURUSD-20260804T111503-db72026c9b|EVENT|000136,1784187240.0
997.438,33.672,3.3476774701,972.159663928,137,1005.831663928,S1B-EURUSD-20260804T111503-db72026c9b|EVENT|000137,1784187300.0
997.438,32.94,3.2749018729,972.891663928,138,1005.831663928,S1B-EURUSD-20260804T111503-db72026c9b|EVENT|000138,1784187360.0
997.438,31.476,3.1293506785,974.355663928,139,1005.831663928,S1B-EURUSD-20260804T111503-db72026c9b|EVENT|000139,1784187420.0
997.438,26.352,2.6199214983,979.479663928,140,1005.831663928,S1B-EURUSD-20260804T111503-db72026c9b|EVENT|000140,1784187480.0
997.438,22.692,2.2560435124,983.139663928,141,1005.831663928,S1B-EURUSD-20260804T111503-db72026c9b|EVENT|000141,1784187540.0
997.438,21.96,2.1832679153,983.871663928,142,1005.831663928,S1B-EURUSD-20260804T111503-db72026c9b|EVENT|000142,1784187600.0
997.438,19.032,1.8921655266,986.799663928,143,1005.831663928,S1B-EURUSD-20260804T111503-db72026c9b|EVENT|000143,1784187660.0
997.438,19.764,1.9649411237,986.067663928,144,1005.831663928,S1B-EURUSD-20260804T111503-db72026c9b|EVENT|000144,1784187720.0
997.438,14.64,1.4555119435,991.191663928,145,1005.831663928,S1B-EURUSD-20260804T111503-db72026c9b|EVENT|000145,1784187780.0
997.438,16.836,1.673838735,988.995663928,146,1005.831663928,S1B-EURUSD-20260804T111503-db72026c9b|EVENT|000146,1784187840.0
997.438,20.496,2.0377167209,985.335663928,147,1005.831663928,S1B-EURUSD-20260804T111503-db72026c9b|EVENT|000147,1784187900.0
997.438,17.568,1.7466143322,988.263663928,148,1005.831663928,S1B-EURUSD-20260804T111503-db72026c9b|EVENT|000148,1784187960.0
997.438,18.3,1.8193899294,987.531663928,149,1005.831663928,S1B-EURUSD-20260804T111503-db72026c9b|EVENT|000149,1784188020.0
997.438,17.568,1.7466143322,988.263663928,150,1005.831663928,S1B-EURUSD-20260804T111503-db72026c9b|EVENT|000150,1784188080.0
997.438,19.032,1.8921655266,986.799663928,151,1005.831663928,S1B-EURUSD-20260804T111503-db72026c9b|EVENT|000151,1784188140.0
997.438,19.032,1.8921655266,986.799663928,152,1005.831663928,S1B-EURUSD-20260804T111503-db72026c9b|EVENT|000152,1784188200.0
997.438,19.764,1.9649411237,986.067663928,153,1005.831663928,S1B-EURUSD-20260804T111503-db72026c9b|EVENT|000153,1784188260.0
997.438,19.032,1.8921655266,986.799663928,154,1005.831663928,S1B-EURUSD-20260804T111503-db72026c9b|EVENT|000154,1784188320.0
997.438,19.032,1.8921655266,986.799663928,155,1005.831663928,S1B-EURUSD-20260804T111503-db72026c9b|EVENT|000155,1784188380.0
997.438,18.3,1.8193899294,987.531663928,156,1005.831663928,S1B-EURUSD-20260804T111503-db72026c9b|EVENT|000156,1784188440.0
997.438,14.64,1.4555119435,991.191663928,157,1005.831663928,S1B-EURUSD-20260804T111503-db72026c9b|EVENT|000157,1784188500.0
997.438,22.692,2.2560435124,983.139663928,158,1005.831663928,S1B-EURUSD-20260804T111503-db72026c9b|EVENT|000158,1784188560.0
997.438,21.96,2.1832679153,983.871663928,159,1005.831663928,S1B-EURUSD-20260804T111503-db72026c9b|EVENT|000159,1784188620.0
997.438,18.3,1.8193899294,987.531663928,160,1005.831663928,S1B-EURUSD-20260804T111503-db72026c9b|EVENT|000160,1784188680.0
997.438,18.3,1.8193899294,987.531663928,161,1005.831663928,S1B-EURUSD-20260804T111503-db72026c9b|EVENT|000161,1784188740.0
997.438,19.032,1.8921655266,986.799663928,162,1005.831663928,S1B-EURUSD-20260804T111503-db72026c9b|EVENT|000162,1784188800.0
997.438,18.3,1.8193899294,987.531663928,163,1005.831663928,S1B-EURUSD-20260804T111503-db72026c9b|EVENT|000163,1784188860.0
997.438,18.3,1.8193899294,987.531663928,164,1005.831663928,S1B-EURUSD-20260804T111503-db72026c9b|EVENT|000164,1784188920.0
997.438,18.3,1.8193899294,987.531663928,165,1005.831663928,S1B-EURUSD-20260804T111503-db72026c9b|EVENT|000165,1784188980.0
997.438,17.568,1.7466143322,988.263663928,166,1005.831663928,S1B-EURUSD-20260804T111503-db72026c9b|EVENT|000166,1784189040.0
997.438,18.3,1.8193899294,987.531663928,167,1005.831663928,S1B-EURUSD-20260804T111503-db72026c9b|EVENT|000167,1784189100.0
997.438,21.96,2.1832679153,983.871663928,168,1005.831663928,S1B-EURUSD-20260804T111503-db72026c9b|EVENT|000168,1784189160.0
997.438,18.3,1.8193899294,987.531663928,169,1005.831663928,S1B-EURUSD-20260804T111503-db72026c9b|EVENT|000169,1784189220.0
997.438,21.96,2.1832679153,983.871663928,170,1005.831663928,S1B-EURUSD-20260804T111503-db72026c9b|EVENT|000170,1784189280.0
997.438,19.764,1.9649411237,986.067663928,171,1005.831663928,S1B-EURUSD-20260804T111503-db72026c9b|EVENT|000171,1784189340.0
997.438,17.568,1.7466143322,988.263663928,172,1005.831663928,S1B-EURUSD-20260804T111503-db72026c9b|EVENT|000172,1784189400.0
997.438,10.98,1.0916339576,994.851663928,173,1005.831663928,S1B-EURUSD-20260804T111503-db72026c9b|EVENT|000173,1784189460.0
997.438,10.98,1.0916339576,994.851663928,174,1005.831663928,S1B-EURUSD-20260804T111503-db72026c9b|EVENT|000174,1784189520.0
997.438,14.64,1.4555119435,991.191663928,175,1005.831663928,S1B-EURUSD-20260804T111503-db72026c9b|EVENT|000175,1784189580.0
997.438,16.104,1.6010631379,989.727663928,176,1005.831663928,S1B-EURUSD-20260804T111503-db72026c9b|EVENT|000176,1784189640.0
997.438,10.98,1.0916339576,994.851663928,177,1005.831663928,S1B-EURUSD-20260804T111503-db72026c9b|EVENT|000177,1784189700.0
997.438,5.124,0.5094291802,1000.707663928,178,1005.831663928,S1B-EURUSD-20260804T111503-db72026c9b|EVENT|000178,1784189760.0
997.438,4.392,0.4366535831,1001.439663928,179,1005.831663928,S1B-EURUSD-20260804T111503-db72026c9b|EVENT|000179,1784189820.0
997.438,6.588,0.6549803746,999.243663928,180,1005.831663928,S1B-EURUSD-20260804T111503-db72026c9b|EVENT|000180,1784189880.0
997.438,10.248,1.0188583605,995.583663928,181,1005.831663928,S1B-EURUSD-20260804T111503-db72026c9b|EVENT|000181,1784189940.0
997.438,9.516,0.9460827633,996.315663928,182,1005.831663928,S1B-EURUSD-20260804T111503-db72026c9b|EVENT|000182,1784190000.0
997.438,13.176,1.3099607492,992.655663928,183,1005.831663928,S1B-EURUSD-20260804T111503-db72026c9b|EVENT|000183,1784190060.0
997.438,10.98,1.0916339576,994.851663928,184,1005.831663928,S1B-EURUSD-20260804T111503-db72026c9b|EVENT|000184,1784190120.0
997.438,10.248,1.0188583605,995.583663928,185,1005.831663928,S1B-EURUSD-20260804T111503-db72026c9b|EVENT|000185,1784190180.0
997.438,11.712,1.1644095548,994.119663928,186,1005.831663928,S1B-EURUSD-20260804T111503-db72026c9b|EVENT|000186,1784190240.0
997.438,12.444,1.237185152,993.387663928,187,1005.831663928,S1B-EURUSD-20260804T111503-db72026c9b|EVENT|000187,1784190300.0
997.438,13.176,1.3099607492,992.655663928,188,1005.831663928,S1B-EURUSD-20260804T111503-db72026c9b|EVENT|000188,1784190360.0
997.438,11.712,1.1644095548,994.119663928,189,1005.831663928,S1B-EURUSD-20260804T111503-db72026c9b|EVENT|000189,1784190420.0
997.438,10.98,1.0916339576,994.851663928,190,1005.831663928,S1B-EURUSD-20260804T111503-db72026c9b|EVENT|000190,1784190480.0
997.438,16.836,1.673838735,988.995663928,191,1005.831663928,S1B-EURUSD-20260804T111503-db72026c9b|EVENT|000191,1784190540.0
997.438,15.372,1.5282875407,990.459663928,192,1005.831663928,S1B-EURUSD-20260804T111503-db72026c9b|EVENT|000192,1784190600.0
997.438,11.712,1.1644095548,994.119663928,193,1005.831663928,S1B-EURUSD-20260804T111503-db72026c9b|EVENT|000193,1784190660.0
997.438,12.444,1.237185152,993.387663928,194,1005.831663928,S1B-EURUSD-20260804T111503-db72026c9b|EVENT|000194,1784190720.0
997.438,0.732,0.0727755972,1005.099663928,195,1005.831663928,S1B-EURUSD-20260804T111503-db72026c9b|EVENT|000195,1784190780.0
997.438,2.928,0.2911023887,1002.903663928,196,1005.831663928,S1B-EURUSD-20260804T111503-db72026c9b|EVENT|000196,1784190840.0
997.438,1.464,0.1455511943,1004.367663928,197,1005.831663928,S1B-EURUSD-20260804T111503-db72026c9b|EVENT|000197,1784190900.0
997.438,10.98,1.0916339576,994.851663928,198,1005.831663928,S1B-EURUSD-20260804T111503-db72026c9b|EVENT|000198,1784190960.0
997.438,8.052,0.8005315689,997.779663928,199,1005.831663928,S1B-EURUSD-20260804T111503-db72026c9b|EVENT|000199,1784191020.0
997.438,8.784,0.8733071661,997.047663928,200,1005.831663928,S1B-EURUSD-20260804T111503-db72026c9b|EVENT|000200,1784191080.0
997.438,13.176,1.3099607492,992.655663928,201,1005.831663928,S1B-EURUSD-20260804T111503-db72026c9b|EVENT|000201,1784191140.0
997.438,16.104,1.6010631379,989.727663928,202,1005.831663928,S1B-EURUSD-20260804T111503-db72026c9b|EVENT|000202,1784191200.0
997.438,12.444,1.237185152,993.387663928,203,1005.831663928,S1B-EURUSD-20260804T111503-db72026c9b|EVENT|000203,1784191260.0
997.438,11.712,1.1644095548,994.119663928,204,1005.831663928,S1B-EURUSD-20260804T111503-db72026c9b|EVENT|000204,1784191320.0
997.438,12.444,1.237185152,993.387663928,205,1005.831663928,S1B-EURUSD-20260804T111503-db72026c9b|EVENT|000205,1784191380.0
997.438,13.176,1.3099607492,992.655663928,206,1005.831663928,S1B-EURUSD-20260804T111503-db72026c9b|EVENT|000206,1784191440.0
997.438,12.444,1.237185152,993.387663928,207,1005.831663928,S1B-EURUSD-20260804T111503-db72026c9b|EVENT|000207,1784191500.0
997.438,22.692,2.2560435124,983.139663928,208,1005.831663928,S1B-EURUSD-20260804T111503-db72026c9b|EVENT|000208,1784191560.0
997.438,18.3,1.8193899294,987.531663928,209,1005.831663928,S1B-EURUSD-20260804T111503-db72026c9b|EVENT|000209,1784191620.0
997.438,22.692,2.2560435124,983.139663928,210,1005.831663928,S1B-EURUSD-20260804T111503-db72026c9b|EVENT|000210,1784191680.0
997.438,27.816,2.7654726927,978.015663928,211,1005.831663928,S1B-EURUSD-20260804T111503-db72026c9b|EVENT|000211,1784191740.0
997.438,31.476,3.1293506785,974.355663928,212,1005.831663928,S1B-EURUSD-20260804T111503-db72026c9b|EVENT|000212,1784191800.0
997.438,32.94,3.2749018729,972.891663928,213,1005.831663928,S1B-EURUSD-20260804T111503-db72026c9b|EVENT|000213,1784191860.0
997.438,35.136,3.4932286644,970.695663928,214,1005.831663928,S1B-EURUSD-20260804T111503-db72026c9b|EVENT|000214,1784191920.0
997.438,27.084,2.6926970955,978.747663928,215,1005.831663928,S1B-EURUSD-20260804T111503-db72026c9b|EVENT|000215,1784191980.0
997.438,28.548,2.8382482898,977.283663928,216,1005.831663928,S1B-EURUSD-20260804T111503-db72026c9b|EVENT|000216,1784192040.0
997.438,32.94,3.2749018729,972.891663928,217,1005.831663928,S1B-EURUSD-20260804T111503-db72026c9b|EVENT|000217,1784192100.0
997.438,27.084,2.6926970955,978.747663928,218,1005.831663928,S1B-EURUSD-20260804T111503-db72026c9b|EVENT|000218,1784192160.0
997.438,33.672,3.3476774701,972.159663928,219,1005.831663928,S1B-EURUSD-20260804T111503-db72026c9b|EVENT|000219,1784192220.0
997.438,35.868,3.5660042616,969.963663928,220,1005.831663928,S1B-EURUSD-20260804T111503-db72026c9b|EVENT|000220,1784192280.0
997.438,45.384,4.5120870249,960.447663928,221,1005.831663928,S1B-EURUSD-20260804T111503-db72026c9b|EVENT|000221,1784192340.0
997.438,40.992,4.0754334418,964.839663928,222,1005.831663928,S1B-EURUSD-20260804T111503-db72026c9b|EVENT|000222,1784192400.0
997.438,23.424,2.3288191096,982.407663928,223,1005.831663928,S1B-EURUSD-20260804T111503-db72026c9b|EVENT|000223,1784192460.0
997.438,14.64,1.4555119435,991.191663928,224,1005.831663928,S1B-EURUSD-20260804T111503-db72026c9b|EVENT|000224,1784192520.0
997.438,15.372,1.5282875407,990.459663928,225,1005.831663928,S1B-EURUSD-20260804T111503-db72026c9b|EVENT|000225,1784192580.0
997.438,27.084,2.6926970955,978.747663928,226,1005.831663928,S1B-EURUSD-20260804T111503-db72026c9b|EVENT|000226,1784192640.0
997.438,23.424,2.3288191096,982.407663928,227,1005.831663928,S1B-EURUSD-20260804T111503-db72026c9b|EVENT|000227,1784192700.0
997.438,27.084,2.6926970955,978.747663928,228,1005.831663928,S1B-EURUSD-20260804T111503-db72026c9b|EVENT|000228,1784192760.0
997.438,27.084,2.6926970955,978.747663928,229,1005.831663928,S1B-EURUSD-20260804T111503-db72026c9b|EVENT|000229,1784192820.0
997.438,19.032,1.8921655266,986.799663928,230,1005.831663928,S1B-EURUSD-20260804T111503-db72026c9b|EVENT|000230,1784192880.0
997.438,11.712,1.1644095548,994.119663928,231,1005.831663928,S1B-EURUSD-20260804T111503-db72026c9b|EVENT|000231,1784192940.0
997.438,8.052,0.8005315689,997.779663928,232,1005.831663928,S1B-EURUSD-20260804T111503-db72026c9b|EVENT|000232,1784193000.0
997.438,3.66,0.3638779859,1002.171663928,233,1005.831663928,S1B-EURUSD-20260804T111503-db72026c9b|EVENT|000233,1784193060.0
997.438,0.0,0.0,1005.831663928,234,1005.831663928,S1B-EURUSD-20260804T111503-db72026c9b|EVENT|000234,1784193120.0
997.438,10.98,1.0916339576,994.851663928,235,1005.831663928,S1B-EURUSD-20260804T111503-db72026c9b|EVENT|000235,1784193180.0
997.438,4.392,0.4366535831,1001.439663928,236,1005.831663928,S1B-EURUSD-20260804T111503-db72026c9b|EVENT|000236,1784193240.0
997.438,0.0,0.0,1008.759663928,237,1008.759663928,S1B-EURUSD-20260804T111503-db72026c9b|EVENT|000237,1784193300.0
997.438,6.588,0.6530792453,1002.171663928,238,1008.759663928,S1B-EURUSD-20260804T111503-db72026c9b|EVENT|000238,1784193360.0
997.438,8.052,0.7982079665,1000.707663928,239,1008.759663928,S1B-EURUSD-20260804T111503-db72026c9b|EVENT|000239,1784193420.0
997.438,20.496,2.0318020965,988.263663928,240,1008.759663928,S1B-EURUSD-20260804T111503-db72026c9b|EVENT|000240,1784193480.0
997.438,21.96,2.1769308176,986.799663928,241,1008.759663928,S1B-EURUSD-20260804T111503-db72026c9b|EVENT|000241,1784193540.0
997.438,19.032,1.8866733753,989.727663928,242,1008.759663928,S1B-EURUSD-20260804T111503-db72026c9b|EVENT|000242,1784193600.0
997.438,14.64,1.4512872118,994.119663928,243,1008.759663928,S1B-EURUSD-20260804T111503-db72026c9b|EVENT|000243,1784193660.0
997.438,9.516,0.9433366876,999.243663928,244,1008.759663928,S1B-EURUSD-20260804T111503-db72026c9b|EVENT|000244,1784193720.0
997.438,8.052,0.7982079665,1000.707663928,245,1008.759663928,S1B-EURUSD-20260804T111503-db72026c9b|EVENT|000245,1784193780.0
997.438,3.66,0.3628218029,1005.099663928,246,1008.759663928,S1B-EURUSD-20260804T111503-db72026c9b|EVENT|000246,1784193840.0
997.438,4.392,0.4353861635,1004.367663928,247,1008.759663928,S1B-EURUSD-20260804T111503-db72026c9b|EVENT|000247,1784193900.0
997.438,5.124,0.5079505241,1003.635663928,248,1008.759663928,S1B-EURUSD-20260804T111503-db72026c9b|EVENT|000248,1784193960.0
997.438,6.588,0.6530792453,1002.171663928,249,1008.759663928,S1B-EURUSD-20260804T111503-db72026c9b|EVENT|000249,1784194020.0
997.438,5.124,0.5079505241,1003.635663928,250,1008.759663928,S1B-EURUSD-20260804T111503-db72026c9b|EVENT|000250,1784194080.0
997.438,2.196,0.2176930818,1006.563663928,251,1008.759663928,S1B-EURUSD-20260804T111503-db72026c9b|EVENT|000251,1784194140.0
997.438,6.588,0.6530792453,1002.171663928,252,1008.759663928,S1B-EURUSD-20260804T111503-db72026c9b|EVENT|000252,1784194200.0
997.438,16.104,1.5964159329,992.655663928,253,1008.759663928,S1B-EURUSD-20260804T111503-db72026c9b|EVENT|000253,1784194260.0
997.438,10.98,1.0884654088,997.779663928,254,1008.759663928,S1B-EURUSD-20260804T111503-db72026c9b|EVENT|000254,1784194320.0
997.438,13.908,1.3787228512,994.851663928,255,1008.759663928,S1B-EURUSD-20260804T111503-db72026c9b|EVENT|000255,1784194380.0
997.438,15.372,1.5238515724,993.387663928,256,1008.759663928,S1B-EURUSD-20260804T111503-db72026c9b|EVENT|000256,1784194440.0
997.438,22.692,2.2494951782,986.067663928,257,1008.759663928,S1B-EURUSD-20260804T111503-db72026c9b|EVENT|000257,1784194500.0
997.438,17.568,1.7415446541,991.191663928,258,1008.759663928,S1B-EURUSD-20260804T111503-db72026c9b|EVENT|000258,1784194560.0
997.438,24.156,2.3946238994,984.603663928,259,1008.759663928,S1B-EURUSD-20260804T111503-db72026c9b|EVENT|000259,1784194620.0
997.438,24.156,2.3946238994,984.603663928,260,1008.759663928,S1B-EURUSD-20260804T111503-db72026c9b|EVENT|000260,1784194680.0
997.438,21.96,2.1769308176,986.799663928,261,1008.759663928,S1B-EURUSD-20260804T111503-db72026c9b|EVENT|000261,1784194740.0
997.438,18.3,1.8141090147,990.459663928,262,1008.759663928,S1B-EURUSD-20260804T111503-db72026c9b|EVENT|000262,1784194800.0
997.438,23.424,2.3220595388,985.335663928,263,1008.759663928,S1B-EURUSD-20260804T111503-db72026c9b|EVENT|000263,1784194860.0
997.438,26.352,2.6123169812,982.407663928,264,1008.759663928,S1B-EURUSD-20260804T111503-db72026c9b|EVENT|000264,1784194920.0
997.438,23.424,2.3220595388,985.335663928,265,1008.759663928,S1B-EURUSD-20260804T111503-db72026c9b|EVENT|000265,1784194980.0
997.438,22.692,2.2494951782,986.067663928,266,1008.759663928,S1B-EURUSD-20260804T111503-db72026c9b|EVENT|000266,1784195040.0
997.438,17.568,1.7415446541,991.191663928,267,1008.759663928,S1B-EURUSD-20260804T111503-db72026c9b|EVENT|000267,1784195100.0
997.438,19.032,1.8866733753,989.727663928,268,1008.759663928,S1B-EURUSD-20260804T111503-db72026c9b|EVENT|000268,1784195160.0
997.438,16.836,1.6689802935,991.923663928,269,1008.759663928,S1B-EURUSD-20260804T111503-db72026c9b|EVENT|000269,1784195220.0
997.438,13.176,1.3061584906,995.583663928,270,1008.759663928,S1B-EURUSD-20260804T111503-db72026c9b|EVENT|000270,1784195280.0
997.438,10.248,1.0159010482,998.511663928,271,1008.759663928,S1B-EURUSD-20260804T111503-db72026c9b|EVENT|000271,1784195340.0
997.438,8.784,0.8707723271,999.975663928,272,1008.759663928,S1B-EURUSD-20260804T111503-db72026c9b|EVENT|000272,1784195400.0
997.438,7.32,0.7256436059,1001.439663928,273,1008.759663928,S1B-EURUSD-20260804T111503-db72026c9b|EVENT|000273,1784195460.0
997.438,3.66,0.3628218029,1005.099663928,274,1008.759663928,S1B-EURUSD-20260804T111503-db72026c9b|EVENT|000274,1784195520.0
997.438,2.928,0.2902574424,1005.831663928,275,1008.759663928,S1B-EURUSD-20260804T111503-db72026c9b|EVENT|000275,1784195580.0
997.438,2.196,0.2176930818,1006.563663928,276,1008.759663928,S1B-EURUSD-20260804T111503-db72026c9b|EVENT|000276,1784195640.0
997.438,4.392,0.4353861635,1004.367663928,277,1008.759663928,S1B-EURUSD-20260804T111503-db72026c9b|EVENT|000277,1784195700.0
997.438,0.0,0.0,1010.223663928,278,1010.223663928,S1B-EURUSD-20260804T111503-db72026c9b|EVENT|000278,1784195760.0
997.438,8.052,0.7970512162,1002.171663928,279,1010.223663928,S1B-EURUSD-20260804T111503-db72026c9b|EVENT|000279,1784195820.0
997.438,5.856,0.5796736118,1004.367663928,280,1010.223663928,S1B-EURUSD-20260804T111503-db72026c9b|EVENT|000280,1784195880.0
997.438,6.588,0.6521328133,1003.635663928,281,1010.223663928,S1B-EURUSD-20260804T111503-db72026c9b|EVENT|000281,1784195940.0
997.438,6.588,0.6521328133,1003.635663928,282,1010.223663928,S1B-EURUSD-20260804T111503-db72026c9b|EVENT|000282,1784196000.0
997.438,10.248,1.0144288207,999.975663928,283,1010.223663928,S1B-EURUSD-20260804T111503-db72026c9b|EVENT|000283,1784196060.0
997.438,4.392,0.4347552089,1005.831663928,284,1010.223663928,S1B-EURUSD-20260804T111503-db72026c9b|EVENT|000284,1784196120.0
997.438,5.124,0.5072144103,1005.099663928,285,1010.223663928,S1B-EURUSD-20260804T111503-db72026c9b|EVENT|000285,1784196180.0
997.438,1.464,0.144918403,1008.759663928,286,1010.223663928,S1B-EURUSD-20260804T111503-db72026c9b|EVENT|000286,1784196240.0
997.438,0.0,0.0,1016.079663928,287,1016.079663928,S1B-EURUSD-20260804T111503-db72026c9b|EVENT|000287,1784196300.0
997.438,4.392,0.4322495721,1011.687663928,288,1016.079663928,S1B-EURUSD-20260804T111503-db72026c9b|EVENT|000288,1784196360.0
997.438,9.516,0.9365407397,1006.563663928,289,1016.079663928,S1B-EURUSD-20260804T111503-db72026c9b|EVENT|000289,1784196420.0
997.438,15.372,1.5128735025,1000.707663928,290,1016.079663928,S1B-EURUSD-20260804T111503-db72026c9b|EVENT|000290,1784196480.0
997.438,23.424,2.3053310515,992.655663928,291,1016.079663928,S1B-EURUSD-20260804T111503-db72026c9b|EVENT|000291,1784196540.0
997.438,15.372,1.5128735025,1000.707663928,292,1016.079663928,S1B-EURUSD-20260804T111503-db72026c9b|EVENT|000292,1784196600.0
997.438,19.764,1.9451230747,996.315663928,293,1016.079663928,S1B-EURUSD-20260804T111503-db72026c9b|EVENT|000293,1784196660.0
997.438,15.372,1.5128735025,1000.707663928,294,1016.079663928,S1B-EURUSD-20260804T111503-db72026c9b|EVENT|000294,1784196720.0
997.438,14.64,1.4408319072,1001.439663928,295,1016.079663928,S1B-EURUSD-20260804T111503-db72026c9b|EVENT|000295,1784196780.0
997.438,7.32,0.7204159536,1008.759663928,296,1016.079663928,S1B-EURUSD-20260804T111503-db72026c9b|EVENT|000296,1784196840.0
997.438,13.908,1.3687903118,1002.171663928,297,1016.079663928,S1B-EURUSD-20260804T111503-db72026c9b|EVENT|000297,1784196900.0
997.438,15.372,1.5128735025,1000.707663928,298,1016.079663928,S1B-EURUSD-20260804T111503-db72026c9b|EVENT|000298,1784196960.0
997.438,12.444,1.2247071211,1003.635663928,299,1016.079663928,S1B-EURUSD-20260804T111503-db72026c9b|EVENT|000299,1784197020.0
