account_id,action,attempt_id,balance_after,causal_valid,costs,details,equity_after,execution_event_id,fill_price,gross_pl,margin_after,net_pl,parent_state_hash,replay_event_id,requested_price,sequence_id,setup_id,state_hash,symbol,timestamp,volume
CANONICAL-PAPER-ZAR,PAPER_ORDER_REQUESTED,GER40Cash#|M5|EXPERT_SPEC_V1|BEARISH|PB_381|ENTRY_140,1000.0,True,{},"{""account_id"": ""CANONICAL-PAPER-ZAR"", ""action"": ""MARKET_ENTRY_ON_BOS_CLOSE"", ""attempt_id"": ""GER40Cash#|M5|EXPERT_SPEC_V1|BEARISH|PB_381|ENTRY_140"", ""attempt_number"": 1, ""causal_valid"": true, ""direction"": ""BEARISH"", ""emergency_stop"": 25027.2928571429, ""entry_timeframe"": ""M1"", ""grade"": ""B"", ""logical_stop"": 25020.12, ""order_id"": ""CANONICAL-PAPER-ZAR|ORDER|S1B-GER40Cash-20260804T112750-196b791da6|EVENT|000414"", ""price"": 25002.09, ""replay_event_id"": ""S1B-GER40Cash-20260804T112750-196b791da6|EVENT|000414"", ""requested_price"": 25002.09, ""requested_volume"": 0.0, ""sequence_id"": ""GER40Cash#|M5|EXPERT_SPEC_V1|BEARISH|PB_381"", ""setup_id"": ""GER40Cash#|M5|EXPERT_SPEC_V1|BEARISH|PB_381"", ""strategy_signal"": ""ENTER_M1"", ""symbol"": ""GER40Cash#"", ""target_1"": null, ""target_2"": null, ""timestamp"": 1784118660.0}",1000.0,CANONICAL-PAPER-ZAR|EXEC|000001,,0.0,0.0,0.0,,S1B-GER40Cash-20260804T112750-196b791da6|EVENT|000414,25002.09,GER40Cash#|M5|EXPERT_SPEC_V1|BEARISH|PB_381,GER40Cash#|M5|EXPERT_SPEC_V1|BEARISH|PB_381,9eaca69cd221b3fb8cbff8690eb3a8552976352e034888c19edbe5a2699d35fe,GER40Cash#,1784118660.0,0.0
CANONICAL-PAPER-ZAR,PAPER_ORDER_FILLED,GER40Cash#|M5|EXPERT_SPEC_V1|BEARISH|PB_381|ENTRY_140,1000.0,True,"{""commission"": 0.0, ""slippage"": 0.2611885521, ""spread"": 7.7805}","{""account_balance"": 1000.0, ""contract"": {""account_currency"": ""ZAR"", ""asset_class"": ""INDEX_CFD"", ""base_currency"": ""GER40"", ""base_spread_points"": 120, ""broker_symbol"": ""GER40Cash#"", ""canonical_symbol"": ""GER40Cash#"", ""commission_amount"": 0.0, ""commission_type"": ""NO_COMMISSION"", ""contract_size"": 1, ""freeze_level_points"": 0.0, ""leverage"": 100.0, ""margin_rate"": 0.0, ""point_size"": 0.01, ""quote_currency"": ""EUR"", ""source_note"": ""Manual research estimate; verify against broker metadata before forward use."", ""source_status"": ""ESTIMATED_RESEARCH_PROFILE"", ""stop_level_points"": 0.0, ""swap_model"": ""DISABLED"", ""tick_size"": 0.01, ""tick_value"": 0.01, ""trading_sessions"": [""ASIA"", ""LONDON"", ""OVERLAP"", ""NEW_YORK""], ""volume_maximum"": 100.0, ""volume_minimum"": 0.01, ""volume_step"": 0.01}, ""fill"": {""ask_price"": 25004.04, ""bid_price"": 25002.09, ""chart_price"": 25002.09, ""commission_zar"": 0.0, ""conversion_rate"": 21.0, ""conversion_source"": ""STATIC_RESEARCH_RATE"", ""fill_side"": ""BID"", ""final_fill_price"": 25002.02453921, ""market_reference_price"": 25002.09, ""random_seed"": ""2e8fe58ee0527414ed0dfe88ddba4bf3b1fd6c7a1f2734f982b19f784d4d13e3"", ""requested_price"": 25002.09, ""slippage_model"": ""DETERMINISTIC_SEEDED"", ""slippage_money_zar"": 0.2611885521, ""slippage_points"": 6.546079, ""spread_adjusted_price"": 25002.09, ""spread_points"": 195.0, ""spread_source"": ""NATIVE_HISTORICAL_SPREAD"", ""spread_state"": ""ELEVATED"", ""status"": ""FILLED_PAPER_ONLY""}, ""paper_only"": true, ""request"": {""account_id"": ""CANONICAL-PAPER-ZAR"", ""action"": ""MARKET_ENTRY_ON_BOS_CLOSE"", ""attempt_id"": ""GER40Cash#|M5|EXPERT_SPEC_V1|BEARISH|PB_381|ENTRY_140"", ""causal_valid"": true, ""direction"": ""BEARISH"", ""emergency_stop"": 25027.2928571429, ""entry_timeframe"": ""M1"", ""logical_stop"": 25020.12, ""order_id"": ""CANONICAL-PAPER-ZAR|ORDER|S1B-GER40Cash-20260804T112750-196b791da6|EVENT|000414"", ""replay_event_id"": ""S1B-GER40Cash-20260804T112750-196b791da6|EVENT|000414"", ""requested_price"": 25002.09, ""requested_volume"": 0.0, ""sequence_id"": ""GER40Cash#|M5|EXPERT_SPEC_V1|BEARISH|PB_381"", ""setup_id"": ""GER40Cash#|M5|EXPERT_SPEC_V1|BEARISH|PB_381"", ""strategy_signal"": ""ENTER_M1"", ""symbol"": ""GER40Cash#"", ""target_1"": null, ""target_2"": null, ""timestamp"": 1784118660.0}, ""sizing"": {""actual_emergency_risk_percent"": 10.9582096087, ""actual_emergency_risk_zar"": 109.5820960868, ""actual_logical_risk_percent"": 7.2200888552, ""actual_logical_risk_zar"": 72.2008885521, ""allowed"": true, ""final_lots"": 0.19, ""ideal_lots"": 0.3947319842, ""ideal_risk_money_zar"": 150.0, ""margin_capped_lots"": 0.1904607667, ""margin_required_zar"": 997.58077907, ""risk_capped_lots"": 0.3120947784, ""sizing_reason"": ""Volume rounded down to the broker step without exceeding risk or margin caps."", ""status"": ""ROUNDED_WITHIN_TOLERANCE"", ""unsafe_override_used"": false}, ""status"": ""FILLED \u2014 PAPER ONLY"", ""strategy_signal"": ""ENTER_M1""}",991.9583114479,CANONICAL-PAPER-ZAR|EXEC|000002,25002.02453921,0.0,997.58077907,0.0,9eaca69cd221b3fb8cbff8690eb3a8552976352e034888c19edbe5a2699d35fe,S1B-GER40Cash-20260804T112750-196b791da6|EVENT|000414,25002.09,GER40Cash#|M5|EXPERT_SPEC_V1|BEARISH|PB_381,GER40Cash#|M5|EXPERT_SPEC_V1|BEARISH|PB_381,45daf9670963345ce270fcab943d4bf586b551f7a76e3ceba7987996313d3603,GER40Cash#,1784118660.0,0.19
CANONICAL-PAPER-ZAR,POSITION_OPENED,GER40Cash#|M5|EXPERT_SPEC_V1|BEARISH|PB_381|ENTRY_140,1000.0,True,{},"{""position"": {""account_id"": ""CANONICAL-PAPER-ZAR"", ""actual_emergency_risk_zar"": 109.5820960868, ""actual_logical_risk_zar"": 72.2008885521, ""attempt_id"": ""GER40Cash#|M5|EXPERT_SPEC_V1|BEARISH|PB_381|ENTRY_140"", ""attempt_number"": 1, ""closed_at"": null, ""commission_zar"": 0.0, ""current_protection"": 25020.12, ""direction"": ""BEARISH"", ""emergency_stop"": 25027.2928571429, ""entry_fill_price"": 25002.02453921, ""entry_reference_price"": 25002.09, ""entry_timeframe"": ""M1"", ""exit_fill_price"": null, ""exit_reason"": null, ""initial_volume"": 0.19, ""logical_stop"": 25020.12, ""margin_used_zar"": 997.58077907, ""opened_at"": 1784118660.0, ""opening_commission_zar"": 0.0, ""opening_slippage_cost_zar"": 0.2611885521, ""opening_spread_cost_zar"": 7.7805, ""partials"": [], ""peak_r"": 0.0, ""peak_unrealized_zar"": 0.0, ""planned_risk_zar"": 150.0, ""position_id"": ""CANONICAL-PAPER-ZAR|POSITION|S1B-GER40Cash-20260804T112750-196b791da6|EVENT|000414"", ""realized_zar"": 0.0, ""requested_volume"": 0.3947319842, ""sequence_id"": ""GER40Cash#|M5|EXPERT_SPEC_V1|BEARISH|PB_381"", ""setup_id"": ""GER40Cash#|M5|EXPERT_SPEC_V1|BEARISH|PB_381"", ""status"": ""OPEN"", ""swap_zar"": 0.0, ""symbol"": ""GER40Cash#"", ""target_1"": null, ""target_2"": null, ""volume"": 0.19}}",991.9583114479,CANONICAL-PAPER-ZAR|EXEC|000003,25002.02453921,0.0,997.58077907,0.0,45daf9670963345ce270fcab943d4bf586b551f7a76e3ceba7987996313d3603,S1B-GER40Cash-20260804T112750-196b791da6|EVENT|000414,25002.09,GER40Cash#|M5|EXPERT_SPEC_V1|BEARISH|PB_381,GER40Cash#|M5|EXPERT_SPEC_V1|BEARISH|PB_381,29bf029fa8f36e442ec15ab4e140a293587598fb0af0164087a0f8f5e9d74199,GER40Cash#,1784118660.0,0.19
CANONICAL-PAPER-ZAR,MARGIN_CALL,GER40Cash#|M5|EXPERT_SPEC_V1|BEARISH|PB_381|ENTRY_140,1000.0,True,{},"{""margin_level"": 99.4363897401}",991.9583114479,CANONICAL-PAPER-ZAR|EXEC|000004,,0.0,997.58077907,0.0,29bf029fa8f36e442ec15ab4e140a293587598fb0af0164087a0f8f5e9d74199,S1B-GER40Cash-20260804T112750-196b791da6|EVENT|000414,,GER40Cash#|M5|EXPERT_SPEC_V1|BEARISH|PB_381,GER40Cash#|M5|EXPERT_SPEC_V1|BEARISH|PB_381,a8ec51a400b76ca1745e33dbed950563a9fb952f48fee19d176e56fb9cb946fc,GER40Cash#,1784118660.0,0.0
CANONICAL-PAPER-ZAR,MARGIN_WARNING,GER40Cash#|M5|EXPERT_SPEC_V1|BEARISH|PB_381|ENTRY_140,1000.0,True,{},"{""margin_level"": 101.2002469002}",1009.5542114479,CANONICAL-PAPER-ZAR|EXEC|000005,,0.0,997.58077907,0.0,a8ec51a400b76ca1745e33dbed950563a9fb952f48fee19d176e56fb9cb946fc,S1B-GER40Cash-20260804T112750-196b791da6|EVENT|000415,,GER40Cash#|M5|EXPERT_SPEC_V1|BEARISH|PB_381,GER40Cash#|M5|EXPERT_SPEC_V1|BEARISH|PB_381,eeec8d380b0d19f841a8099b98f71dbb4fb30c03939be939743e4c61e30993d8,GER40Cash#,1784118720.0,0.0
CANONICAL-PAPER-ZAR,LOGICAL_STOP_UPDATED,GER40Cash#|M5|EXPERT_SPEC_V1|BEARISH|PB_381|ENTRY_140,1000.0,True,{},"{""new_logical_stop"": 24987.69, ""owner"": ""SystemStateDirector""}",1126.1420114479,CANONICAL-PAPER-ZAR|EXEC|000006,,0.0,997.58077907,0.0,eeec8d380b0d19f841a8099b98f71dbb4fb30c03939be939743e4c61e30993d8,S1B-GER40Cash-20260804T112750-196b791da6|EVENT|000430,24987.69,GER40Cash#|M5|EXPERT_SPEC_V1|BEARISH|PB_381,GER40Cash#|M5|EXPERT_SPEC_V1|BEARISH|PB_381,a1b763c993299e2f29b70349a7caa9fb28c86b8f72dedf46ff5bb1ccb69a2155,GER40Cash#,1784119620.0,0.19
CANONICAL-PAPER-ZAR,LOGICAL_STOP_UPDATED,GER40Cash#|M5|EXPERT_SPEC_V1|BEARISH|PB_381|ENTRY_140,1000.0,True,{},"{""new_logical_stop"": 24948.62, ""owner"": ""SystemStateDirector""}",1133.0447114479,CANONICAL-PAPER-ZAR|EXEC|000007,,0.0,997.58077907,0.0,a1b763c993299e2f29b70349a7caa9fb28c86b8f72dedf46ff5bb1ccb69a2155,S1B-GER40Cash-20260804T112750-196b791da6|EVENT|000450,24948.62,GER40Cash#|M5|EXPERT_SPEC_V1|BEARISH|PB_381,GER40Cash#|M5|EXPERT_SPEC_V1|BEARISH|PB_381,c2ba10fb5ec878f10a360082b3533ae41606059b37295c70f712d9d1b21a2b65,GER40Cash#,1784120820.0,0.19
CANONICAL-PAPER-ZAR,POSITION_CLOSED,GER40Cash#|M5|EXPERT_SPEC_V1|BEARISH|PB_381|ENTRY_140,1124.8032380896,True,"{""commission"": 0.0, ""slippage"": 0.5625619104, ""spread"": 15.561, ""swap"": 0.0}","{""balance_after"": 1124.8032380896, ""closed_volume"": 0.19, ""costs_zar"": {""commission"": 0.0, ""slippage"": 0.5625619104, ""spread"": 15.561, ""swap"": 0.0}, ""fill"": {""ask_price"": 24970.67, ""bid_price"": 24968.72, ""chart_price"": 24968.72, ""commission_zar"": 0.0, ""conversion_rate"": 21.0, ""conversion_source"": ""STATIC_RESEARCH_RATE"", ""fill_side"": ""ASK"", ""final_fill_price"": 24970.74553217, ""market_reference_price"": 24968.72, ""random_seed"": ""2122a228e01be0dc97838fd9559b854c83f8399818fe519ad15d19ceafc9abf5"", ""requested_price"": 24968.72, ""slippage_model"": ""DETERMINISTIC_SEEDED"", ""slippage_money_zar"": 0.3013733583, ""slippage_points"": 7.553217, ""spread_adjusted_price"": 24970.67, ""spread_points"": 195.0, ""spread_source"": ""NATIVE_HISTORICAL_SPREAD"", ""spread_state"": ""ELEVATED"", ""status"": ""FILLED_PAPER_ONLY""}, ""gross_pl_zar"": 133.1463, ""net_pl_zar"": 117.0227380896, ""paper_only"": true, ""reason"": ""OPPOSING_MEANINGFUL_BOS"", ""remaining_volume"": 0.0, ""requested_exit_price"": 24968.72, ""status"": ""POSITION_CLOSED""}",1124.8032380896,CANONICAL-PAPER-ZAR|EXEC|000008,24970.74553217,133.1463,0.0,117.0227380896,c2ba10fb5ec878f10a360082b3533ae41606059b37295c70f712d9d1b21a2b65,S1B-GER40Cash-20260804T112750-196b791da6|EVENT|000451,24968.72,GER40Cash#|M5|EXPERT_SPEC_V1|BEARISH|PB_381,GER40Cash#|M5|EXPERT_SPEC_V1|BEARISH|PB_381,d19d51eaf9776da1d3407d9ab986ef6c2a8752feeed0fcacfd6ba1a575abae92,GER40Cash#,1784120880.0,0.19
CANONICAL-PAPER-ZAR,PAPER_ORDER_REQUESTED,GER40Cash#|M5|EXPERT_SPEC_V1|BEARISH|PB_381|ENTRY_140,1124.8032380896,True,{},"{""account_id"": ""CANONICAL-PAPER-ZAR"", ""action"": ""MARKET_ENTRY_ON_BOS_CLOSE"", ""attempt_id"": ""GER40Cash#|M5|EXPERT_SPEC_V1|BEARISH|PB_381|REENTRY_193"", ""attempt_number"": 2, ""causal_valid"": true, ""direction"": ""BEARISH"", ""emergency_stop"": 24987.3164285714, ""entry_timeframe"": ""M1"", ""grade"": ""B"", ""logical_stop"": 24979.94, ""order_id"": ""CANONICAL-PAPER-ZAR|ORDER|S1B-GER40Cash-20260804T112750-196b791da6|EVENT|000467"", ""price"": 24969.73, ""replay_event_id"": ""S1B-GER40Cash-20260804T112750-196b791da6|EVENT|000467"", ""requested_price"": 24969.73, ""requested_volume"": 0.0, ""sequence_id"": ""GER40Cash#|M5|EXPERT_SPEC_V1|BEARISH|PB_411"", ""setup_id"": ""GER40Cash#|M5|EXPERT_SPEC_V1|BEARISH|PB_411"", ""strategy_signal"": ""ENTER_REENTRY_M1"", ""symbol"": ""GER40Cash#"", ""target_1"": null, ""target_2"": null, ""timestamp"": 1784121840.0}",1124.8032380896,CANONICAL-PAPER-ZAR|EXEC|000009,,0.0,0.0,0.0,d19d51eaf9776da1d3407d9ab986ef6c2a8752feeed0fcacfd6ba1a575abae92,S1B-GER40Cash-20260804T112750-196b791da6|EVENT|000467,24969.73,GER40Cash#|M5|EXPERT_SPEC_V1|BEARISH|PB_381,GER40Cash#|M5|EXPERT_SPEC_V1|BEARISH|PB_381,8ad84afcccbb6dd60998c2e5cf52fd072465a3377deff64f34f33ecf99fdaf3e,GER40Cash#,1784121840.0,0.0
CANONICAL-PAPER-ZAR,PAPER_ORDER_FILLED,GER40Cash#|M5|EXPERT_SPEC_V1|BEARISH|PB_381|REENTRY_193,1124.8032380896,True,"{""commission"": 0.0, ""slippage"": 0.5715608724, ""spread"": 8.5995}","{""account_balance"": 1124.8032380896, ""contract"": {""account_currency"": ""ZAR"", ""asset_class"": ""INDEX_CFD"", ""base_currency"": ""GER40"", ""base_spread_points"": 120, ""broker_symbol"": ""GER40Cash#"", ""canonical_symbol"": ""GER40Cash#"", ""commission_amount"": 0.0, ""commission_type"": ""NO_COMMISSION"", ""contract_size"": 1, ""freeze_level_points"": 0.0, ""leverage"": 100.0, ""margin_rate"": 0.0, ""point_size"": 0.01, ""quote_currency"": ""EUR"", ""source_note"": ""Manual research estimate; verify against broker metadata before forward use."", ""source_status"": ""ESTIMATED_RESEARCH_PROFILE"", ""stop_level_points"": 0.0, ""swap_model"": ""DISABLED"", ""tick_size"": 0.01, ""tick_value"": 0.01, ""trading_sessions"": [""ASIA"", ""LONDON"", ""OVERLAP"", ""NEW_YORK""], ""volume_maximum"": 100.0, ""volume_minimum"": 0.01, ""volume_step"": 0.01}, ""fill"": {""ask_price"": 24971.68, ""bid_price"": 24969.73, ""chart_price"": 24969.73, ""commission_zar"": 0.0, ""conversion_rate"": 21.0, ""conversion_source"": ""STATIC_RESEARCH_RATE"", ""fill_side"": ""BID"", ""final_fill_price"": 24969.60039436, ""market_reference_price"": 24969.73, ""random_seed"": ""d99d733ed7912970172056f372c94bad5063886e28f70c0bb56699c4a7b78fd1"", ""requested_price"": 24969.73, ""slippage_model"": ""DETERMINISTIC_SEEDED"", ""slippage_money_zar"": 0.5715608724, ""slippage_points"": 12.960564, ""spread_adjusted_price"": 24969.73, ""spread_points"": 195.0, ""spread_source"": ""NATIVE_HISTORICAL_SPREAD"", ""spread_state"": ""ELEVATED"", ""status"": ""FILLED_PAPER_ONLY""}, ""paper_only"": true, ""request"": {""account_id"": ""CANONICAL-PAPER-ZAR"", ""action"": ""MARKET_ENTRY_ON_BOS_CLOSE"", ""attempt_id"": ""GER40Cash#|M5|EXPERT_SPEC_V1|BEARISH|PB_381|REENTRY_193"", ""causal_valid"": true, ""direction"": ""BEARISH"", ""emergency_stop"": 24987.3164285714, ""entry_timeframe"": ""M1"", ""logical_stop"": 24979.94, ""order_id"": ""CANONICAL-PAPER-ZAR|ORDER|S1B-GER40Cash-20260804T112750-196b791da6|EVENT|000467"", ""replay_event_id"": ""S1B-GER40Cash-20260804T112750-196b791da6|EVENT|000467"", ""requested_price"": 24969.73, ""requested_volume"": 0.0, ""sequence_id"": ""GER40Cash#|M5|EXPERT_SPEC_V1|BEARISH|PB_411"", ""setup_id"": ""GER40Cash#|M5|EXPERT_SPEC_V1|BEARISH|PB_411"", ""strategy_signal"": ""ENTER_REENTRY_M1"", ""symbol"": ""GER40Cash#"", ""target_1"": null, ""target_2"": null, ""timestamp"": 1784121840.0}, ""sizing"": {""actual_emergency_risk_percent"": 7.7789247696, ""actual_emergency_risk_zar"": 87.4975976972, ""actual_logical_risk_percent"": 4.0538344244, ""actual_logical_risk_zar"": 45.5976608724, ""allowed"": true, ""final_lots"": 0.21, ""ideal_lots"": 0.7770420965, ""ideal_risk_money_zar"": 168.7204857134, ""margin_capped_lots"": 0.2145090755, ""margin_required_zar"": 1101.15937743, ""risk_capped_lots"": 0.48592834, ""sizing_reason"": ""Volume rounded down to the broker step without exceeding risk or margin caps."", ""status"": ""ROUNDED_WITHIN_TOLERANCE"", ""unsafe_override_used"": false}, ""status"": ""FILLED \u2014 PAPER ONLY"", ""strategy_signal"": ""ENTER_REENTRY_M1""}",1115.6321772172,CANONICAL-PAPER-ZAR|EXEC|000010,24969.60039436,0.0,1101.15937743,0.0,8ad84afcccbb6dd60998c2e5cf52fd072465a3377deff64f34f33ecf99fdaf3e,S1B-GER40Cash-20260804T112750-196b791da6|EVENT|000467,24969.73,GER40Cash#|M5|EXPERT_SPEC_V1|BEARISH|PB_411,GER40Cash#|M5|EXPERT_SPEC_V1|BEARISH|PB_411,40935136642ab023bab71166e1a0792eb47d6cf18c41a2b0abac77c0860590ca,GER40Cash#,1784121840.0,0.21
CANONICAL-PAPER-ZAR,POSITION_OPENED,GER40Cash#|M5|EXPERT_SPEC_V1|BEARISH|PB_381|REENTRY_193,1124.8032380896,True,{},"{""position"": {""account_id"": ""CANONICAL-PAPER-ZAR"", ""actual_emergency_risk_zar"": 87.4975976972, ""actual_logical_risk_zar"": 45.5976608724, ""attempt_id"": ""GER40Cash#|M5|EXPERT_SPEC_V1|BEARISH|PB_381|REENTRY_193"", ""attempt_number"": 2, ""closed_at"": null, ""commission_zar"": 0.0, ""current_protection"": 24979.94, ""direction"": ""BEARISH"", ""emergency_stop"": 24987.3164285714, ""entry_fill_price"": 24969.60039436, ""entry_reference_price"": 24969.73, ""entry_timeframe"": ""M1"", ""exit_fill_price"": null, ""exit_reason"": null, ""initial_volume"": 0.21, ""logical_stop"": 24979.94, ""margin_used_zar"": 1101.15937743, ""opened_at"": 1784121840.0, ""opening_commission_zar"": 0.0, ""opening_slippage_cost_zar"": 0.5715608724, ""opening_spread_cost_zar"": 8.5995, ""partials"": [], ""peak_r"": 0.0, ""peak_unrealized_zar"": 0.0, ""planned_risk_zar"": 168.7204857134, ""position_id"": ""CANONICAL-PAPER-ZAR|POSITION|S1B-GER40Cash-20260804T112750-196b791da6|EVENT|000467"", ""realized_zar"": 0.0, ""requested_volume"": 0.7770420965, ""sequence_id"": ""GER40Cash#|M5|EXPERT_SPEC_V1|BEARISH|PB_411"", ""setup_id"": ""GER40Cash#|M5|EXPERT_SPEC_V1|BEARISH|PB_411"", ""status"": ""OPEN"", ""swap_zar"": 0.0, ""symbol"": ""GER40Cash#"", ""target_1"": null, ""target_2"": null, ""volume"": 0.21}}",1115.6321772172,CANONICAL-PAPER-ZAR|EXEC|000011,24969.60039436,0.0,1101.15937743,0.0,40935136642ab023bab71166e1a0792eb47d6cf18c41a2b0abac77c0860590ca,S1B-GER40Cash-20260804T112750-196b791da6|EVENT|000467,24969.73,GER40Cash#|M5|EXPERT_SPEC_V1|BEARISH|PB_411,GER40Cash#|M5|EXPERT_SPEC_V1|BEARISH|PB_411,7f6178aa8e76af7c0d8edcc37fcae7761e0d2634b60297899fbe097465109e58,GER40Cash#,1784121840.0,0.21
CANONICAL-PAPER-ZAR,MARGIN_WARNING,GER40Cash#|M5|EXPERT_SPEC_V1|BEARISH|PB_381|REENTRY_193,1124.8032380896,True,{},"{""margin_level"": 101.3143238012}",1115.6321772172,CANONICAL-PAPER-ZAR|EXEC|000012,,0.0,1101.15937743,0.0,7f6178aa8e76af7c0d8edcc37fcae7761e0d2634b60297899fbe097465109e58,S1B-GER40Cash-20260804T112750-196b791da6|EVENT|000467,,GER40Cash#|M5|EXPERT_SPEC_V1|BEARISH|PB_411,GER40Cash#|M5|EXPERT_SPEC_V1|BEARISH|PB_411,81f3ddf491ba232ac1b53bd8c9aa012dd38578e1de57365638dede384f9fa218,GER40Cash#,1784121840.0,0.0
CANONICAL-PAPER-ZAR,LOGICAL_STOP_UPDATED,GER40Cash#|M5|EXPERT_SPEC_V1|BEARISH|PB_381|REENTRY_193,1124.8032380896,True,{},"{""new_logical_stop"": 24953.07, ""owner"": ""SystemStateDirector""}",1261.6472772172,CANONICAL-PAPER-ZAR|EXEC|000013,,0.0,1101.15937743,0.0,81f3ddf491ba232ac1b53bd8c9aa012dd38578e1de57365638dede384f9fa218,S1B-GER40Cash-20260804T112750-196b791da6|EVENT|000503,24953.07,GER40Cash#|M5|EXPERT_SPEC_V1|BEARISH|PB_411,GER40Cash#|M5|EXPERT_SPEC_V1|BEARISH|PB_411,8fda700f2c5caba07b130fa30e8329806b0eeb655a94d1538b42be055cd8b80d,GER40Cash#,1784124000.0,0.21
CANONICAL-PAPER-ZAR,LOGICAL_STOP_UPDATED,GER40Cash#|M5|EXPERT_SPEC_V1|BEARISH|PB_381|REENTRY_193,1124.8032380896,True,{},"{""new_logical_stop"": 24932.15, ""owner"": ""SystemStateDirector""}",1317.8747772172,CANONICAL-PAPER-ZAR|EXEC|000014,,0.0,1101.15937743,0.0,8fda700f2c5caba07b130fa30e8329806b0eeb655a94d1538b42be055cd8b80d,S1B-GER40Cash-20260804T112750-196b791da6|EVENT|000514,24932.15,GER40Cash#|M5|EXPERT_SPEC_V1|BEARISH|PB_411,GER40Cash#|M5|EXPERT_SPEC_V1|BEARISH|PB_411,ef25c85ab0ec9d68f72ba0b44b25710c6c553d7aadd253b4e536f9fd411b6c3d,GER40Cash#,1784124660.0,0.21
CANONICAL-PAPER-ZAR,POSITION_CLOSED,GER40Cash#|M5|EXPERT_SPEC_V1|BEARISH|PB_381|REENTRY_193,1273.1073201451,True,"{""commission"": 0.0, ""slippage"": 1.1949179445, ""spread"": 17.199, ""swap"": 0.0}","{""balance_after"": 1273.1073201451, ""closed_volume"": 0.21, ""costs_zar"": {""commission"": 0.0, ""slippage"": 1.1949179445, ""spread"": 17.199, ""swap"": 0.0}, ""fill"": {""ask_price"": 24935.83, ""bid_price"": 24933.88, ""chart_price"": 24933.88, ""commission_zar"": 0.0, ""conversion_rate"": 21.0, ""conversion_source"": ""STATIC_RESEARCH_RATE"", ""fill_side"": ""ASK"", ""final_fill_price"": 24935.97135081, ""market_reference_price"": 24933.88, ""random_seed"": ""ad8c639a38e07f13cddc9d0d61d6d5c45742e45e063da126fa4d7fa3dd0a47e6"", ""requested_price"": 24933.88, ""slippage_model"": ""DETERMINISTIC_SEEDED"", ""slippage_money_zar"": 0.6233570721, ""slippage_points"": 14.135081, ""spread_adjusted_price"": 24935.83, ""spread_points"": 195.0, ""spread_source"": ""NATIVE_HISTORICAL_SPREAD"", ""spread_state"": ""ELEVATED"", ""status"": ""FILLED_PAPER_ONLY""}, ""gross_pl_zar"": 158.0985, ""net_pl_zar"": 139.7045820555, ""paper_only"": true, ""reason"": ""OPPOSING_MEANINGFUL_BOS"", ""remaining_volume"": 0.0, ""requested_exit_price"": 24933.88, ""status"": ""POSITION_CLOSED""}",1273.1073201451,CANONICAL-PAPER-ZAR|EXEC|000015,24935.97135081,158.0985,0.0,139.7045820555,ef25c85ab0ec9d68f72ba0b44b25710c6c553d7aadd253b4e536f9fd411b6c3d,S1B-GER40Cash-20260804T112750-196b791da6|EVENT|000518,24933.88,GER40Cash#|M5|EXPERT_SPEC_V1|BEARISH|PB_411,GER40Cash#|M5|EXPERT_SPEC_V1|BEARISH|PB_411,f112f6b5a0d48691e809ae905b181e855bc32db608a9cdc9e7bbef337bc7f7dd,GER40Cash#,1784124900.0,0.21
