scenario_id,title,result,status,evidence_origin,orders_called,chart_file,review,review_notes
S1B-ACCEPT-01,R500 minimum-volume protection,MINIMUM_VOLUME_OVER_RISK,PASS,DETERMINISTIC_ACCEPTANCE_CONTRACT,0,acceptance_charts/01_s1b-accept-01.png,UNCERTAIN,
S1B-ACCEPT-02,"R1,000 accepts the identical setup",ROUNDED_WITHIN_TOLERANCE,PASS,DETERMINISTIC_ACCEPTANCE_CONTRACT,0,acceptance_charts/02_s1b-accept-02.png,UNCERTAIN,
S1B-ACCEPT-03,"M1 entry: bid, ask, spread and slippage",FILLED_PAPER_ONLY,PASS,DETERMINISTIC_ACCEPTANCE_CONTRACT,0,acceptance_charts/03_s1b-accept-03.png,UNCERTAIN,
S1B-ACCEPT-04,M5 stop distance changes executable volume,VOLUME_RECALCULATED,PASS,DETERMINISTIC_ACCEPTANCE_CONTRACT,0,acceptance_charts/04_s1b-accept-04.png,UNCERTAIN,
S1B-ACCEPT-05,Winning trade after all modeled costs,NET_WIN,PASS,DETERMINISTIC_ACCEPTANCE_CONTRACT,0,acceptance_charts/05_s1b-accept-05.png,UNCERTAIN,
S1B-ACCEPT-06,Losing trade after costs,NET_LOSS,PASS,DETERMINISTIC_ACCEPTANCE_CONTRACT,0,acceptance_charts/06_s1b-accept-06.png,UNCERTAIN,
S1B-ACCEPT-07,"One sequence, two monetary attempts",SEQUENCE_COMPLETE,PASS,DETERMINISTIC_ACCEPTANCE_CONTRACT,0,acceptance_charts/07_s1b-accept-07.png,UNCERTAIN,
S1B-ACCEPT-08,Executable TP1 partial,PARTIAL_FILLED,PASS,DETERMINISTIC_ACCEPTANCE_CONTRACT,0,acceptance_charts/08_s1b-accept-08.png,UNCERTAIN,
S1B-ACCEPT-09,Minimum-volume partial rejection,PARTIAL_NOT_EXECUTABLE_MINIMUM_VOLUME,PASS,DETERMINISTIC_ACCEPTANCE_CONTRACT,0,acceptance_charts/09_s1b-accept-09.png,UNCERTAIN,
S1B-ACCEPT-10,Logical wick survival,POSITION_REMAINS_OPEN,PASS,DETERMINISTIC_ACCEPTANCE_CONTRACT,0,acceptance_charts/10_s1b-accept-10.png,UNCERTAIN,
S1B-ACCEPT-11,Emergency stop with emergency slippage,EMERGENCY_STOP_EXIT,PASS,DETERMINISTIC_ACCEPTANCE_CONTRACT,0,acceptance_charts/11_s1b-accept-11.png,UNCERTAIN,
S1B-ACCEPT-12,Native P/L converted to ZAR,STATIC_RESEARCH_RATE,PASS,DETERMINISTIC_ACCEPTANCE_CONTRACT,0,acceptance_charts/12_s1b-accept-12.png,UNCERTAIN,
S1B-ACCEPT-13,Margin warning,LOW_MARGIN_WARNING,PASS,DETERMINISTIC_ACCEPTANCE_CONTRACT,0,acceptance_charts/13_s1b-accept-13.png,UNCERTAIN,
S1B-ACCEPT-14,Account drawdown from peak equity,DRAWDOWN_TRACKED,PASS,DETERMINISTIC_ACCEPTANCE_CONTRACT,0,acceptance_charts/14_s1b-accept-14.png,UNCERTAIN,
S1B-ACCEPT-15,Winner turned loser is visible,WINNER_TO_LOSER_FLAG,PASS,DETERMINISTIC_ACCEPTANCE_CONTRACT,0,acceptance_charts/15_s1b-accept-15.png,UNCERTAIN,
S1B-ACCEPT-16,Long runner preserved,RUNNER_OPEN,PASS,DETERMINISTIC_ACCEPTANCE_CONTRACT,0,acceptance_charts/16_s1b-accept-16.png,UNCERTAIN,
S1B-ACCEPT-17,Canonical versus isolated shadow accounts,ISOLATION_PASS,PASS,DETERMINISTIC_ACCEPTANCE_CONTRACT,0,acceptance_charts/17_s1b-accept-17.png,UNCERTAIN,
S1B-ACCEPT-18,Trade 51 full monetary replay,FROZEN_REPLAY_COMPLETE,PASS,FROZEN_CLOSED_CANDLE_REPLAY,0,acceptance_charts/18_s1b-accept-18.png,UNCERTAIN,
S1B-ACCEPT-19,Arbitrary configured symbol/date-range replay,RANGE_BUILD_COMPLETE,PASS,PORTABLE_LIBRARY_RANGE_VALIDATION,0,acceptance_charts/19_s1b-accept-19.png,UNCERTAIN,
S1B-ACCEPT-20,Rewind reproduces identical fills and balance,DETERMINISTIC_MATCH,PASS,DETERMINISTIC_ACCEPTANCE_CONTRACT,0,acceptance_charts/20_s1b-accept-20.png,UNCERTAIN,
